Phase_ID,name,order_index,need_explanation,has_tool,tool_explanation,steps_without_tool,effort_difficulty,staff_freelancers,key_considerations,bootstrap_mindset,founder_skills_needed
f2c8e9f6-dcd3-47d7-bab0-327d4cf358f9,Choose a Domain Name,1,"Establishes online presence, builds credibility, essential for website and email.",No,"Domain registrars (GoDaddy, Namecheap) provide all needed functionality.",1. Brainstorm names aligned with brand/product. 2. Check availability on registrar sites. 3. Register chosen domain.,Low,None,"Prioritize relevant, memorable names. Consider SEO impact.","Use free domain generators, look for registrar discounts.",Basic internet navigation
f2c8e9f6-dcd3-47d7-bab0-327d4cf358f9,Set Up Business Email,2,"Professionalism, credibility, separates personal and business communication.",No,Most providers allow using custom domains with free plans.,"1. Link domain to email provider (Gmail, Outlook, etc.). 2. Create accounts for team.",Low,None,"Choose provider with features you need (storage, calendar, etc.).",,Basic email setup
f2c8e9f6-dcd3-47d7-bab0-327d4cf358f9,Incorporate the Business,3,"Protects personal assets, provides legal legitimacy, required for certain financing and partnerships.",No (but recommended),"Online legal services streamline the process, but attorneys handle complex cases.","1. Choose business structure (LLC, S-Corp, etc.). 2. File paperwork with the state. 3. Obtain EIN.",Medium (High w/o tool),Attorney,"Research structures, registered agent optional.","Use online legal services, consult attorney if needed.","Basic legal understanding, research"
f2c8e9f6-dcd3-47d7-bab0-327d4cf358f9,Set Up Equity Split,4,"Prevents future disputes, clarifies ownership, crucial for attracting investors and co-founders.",No,Basic agreements can be drafted without special tools.,1. Determine ownership percentages. 2. Draft formal agreement (with vesting if applicable).,Medium,Attorney (optional),"Transparency, fairness are key. Consider future dilution.","Use templates, spreadsheets, seek legal advice if complex.","Negotiation, basic legal understanding"
f2c8e9f6-dcd3-47d7-bab0-327d4cf358f9,Create an Initial Budget,5,"Ensures financial control, guides spending decisions, essential for sustainability.",No,Spreadsheets or free software suffice initially.,1. Estimate startup costs. 2. Project revenue. 3. Create expense categories. 4. Track regularly.,Low,None,"Be conservative, prioritize essential costs. Regularly review and update.","Use free tools, review/update regularly.","Financial literacy, planning"
f2c8e9f6-dcd3-47d7-bab0-327d4cf358f9,Open a Business Bank Account,6,"Separates finances, professional image, required for tax purposes.",No,"Banks handle this directly, no special tools needed.","1. Gather documents (EIN, incorporation papers). 2. Compare banks/credit unions. 3. Apply and fund account.",Low,None,"Shop around for low fees, features. Consider online banks for convenience.",,None (basic paperwork)
f2c8e9f6-dcd3-47d7-bab0-327d4cf358f9,Create a Landing Page,7,"Validates idea, collects leads early on, establishes online presence before full website.",No,"Many free builders exist, basic coding knowledge can help.","1. Choose platform (Wix, Squarespace, WordPress). 2. Design with clear message, call to action. 3. Include contact info. 4. Optimize for search engines.",Low-Medium,Web designer,"Focus on simplicity, clear message. Track visitor metrics.","Use templates, free builders, A/B test designs.","Basic web design, copywriting"
f2c8e9f6-dcd3-47d7-bab0-327d4cf358f9,Set Up Accounting Software,8,"Streamlines finances, simplifies taxes, provides valuable insights.",Yes (free options exist),"Free options are limited, paid ones automate tasks, improve reporting.","1. Choose software (Wave, ZipBooks, etc.). 2. Connect bank accounts. 3. Categorize transactions. 4. Reconcile regularly.",Low (Higher w/o tool),Accountant (optional),"Start free, upgrade if needed. Consider outsourcing bookkeeping if budget allows.",Outsource bookkeeping if budget allows.,Financial literacy
f2c8e9f6-dcd3-47d7-bab0-327d4cf358f9,Insurance,9,"Protects against liability claims, property damage, and employee injuries.",No,"Insurance brokers can help you find the right coverage, but you can research and purchase policies directly from providers.","Research different types of business insurance (general liability, property, etc.). Obtain quotes from multiple providers.",Low-Medium,Insurance broker,Prioritize essential coverage based on your business risks.,Shop around for affordable policies with adequate coverage.,"Risk assessment, basic insurance knowledge"
f2c8e9f6-dcd3-47d7-bab0-327d4cf358f9,Create a High-Level Business Plan,10,"Guides decisions, attracts potential investors, clarifies goals and strategies.",No,"Word processors, online templates suffice.","1. Outline problem, solution, market, competition. 2. Draft marketing/sales strategy. 3. Include financial projections.",Medium,Business consultant,"Focus on key elements, not excessive detail. Regularly review and update.","Utilize free resources, mentorship.","Strategic thinking, writing"
f2c8e9f6-dcd3-47d7-bab0-327d4cf358f9,Secure Initial Funding (if needed),11,"Depends on business model, growth plans. If bootstrapping is sufficient, it can be skipped initially.",No,"Tools are for managing funds, not securing them.","1. Determine amount needed. 2. Explore personal funds, loans, crowdfunding, etc. 3. Prepare pitch if seeking investors.",Varies,N/A,Only if self-funding is insufficient. Consider different funding sources and their terms.,,"Fundraising, networking"
f2c8e9f6-dcd3-47d7-bab0-327d4cf358f9,Register for Business Licenses and Permits,12,"Ensures legal operation, compliance with local/state regulations, and avoids potential fines.",Yes,"Tools streamline the process, ensure completeness, and help track renewal dates.",1. Research required licenses/permits. <br> 2. Obtain and fill out applications. <br> 3. Submit applications to appropriate agencies. <br> 4. Pay fees. <br> 5. Track renewal dates manually.,High,"Legal advisor, compliance specialist",Different licenses/permits required depending on location and business type.,Use online resources to understand requirements; handle applications personally to save costs.,"Research, attention to detail, understanding of legal requirements"
f2c8e9f6-dcd3-47d7-bab0-327d4cf358f9,Set Up Payroll System,13,"Ensures employees are paid accurately and on time, compliance with tax laws.",Yes,"Tools automate calculations, tax withholdings, and filings, reducing errors and saving time.",1. Calculate payroll manually. <br> 2. Deduct taxes. <br> 3. Write and distribute paychecks. <br> 4. File taxes manually. <br> 5. Maintain records.,High,"Accountant, payroll specialist","Compliance with federal, state, and local tax laws; accurate record-keeping.",Use basic spreadsheets for tracking; hire part-time accountant or use free payroll tools initially.,"Financial literacy, attention to detail, basic accounting"
f2c8e9f6-dcd3-47d7-bab0-327d4cf358f9,Set Up HR Management System,14,"Manages employee records, benefits, performance, compliance with labor laws.",Yes,"Tools centralize records, automate benefits management, and streamline compliance reporting.",1. Maintain employee records manually. <br> 2. Track benefits. <br> 3. Manage performance reviews manually. <br> 4. Ensure compliance with labor laws.,Medium,HR consultant,"Data privacy, legal compliance, employee engagement.",Use basic spreadsheets and manual processes initially; hire part-time HR consultant.,"Organizational skills, basic HR knowledge, attention to detail"
f2c8e9f6-dcd3-47d7-bab0-327d4cf358f9,Develop Basic Company Policies,15,"Establishes guidelines for behavior, operations, compliance, and creates a positive work culture.",No,"Policies can be drafted without special tools, using templates and legal advice as needed.",1. Research necessary policies. <br> 2. Draft policies. <br> 3. Review with legal advisor. <br> 4. Distribute to employees. <br> 5. Update as needed.,Medium,"Legal advisor, HR consultant","Ensure policies are comprehensive, clear, and legally compliant.",Use free online templates and resources; consult legal advisor for critical policies.,"Writing, research, understanding of legal requirements"
d1a471e3-1ee6-481e-b445-cac5a9c2e5ea,Competitor Analysis,16,"Provides insights into competitors' strengths, weaknesses, pricing, and marketing tactics. Helps refine your own strategies.",No,"Competitive analysis can be done through online research, social media monitoring, and customer interviews.","Research competitor websites, social media, and marketing materials. Conduct customer surveys and interviews.",Medium,Market research firm (optional),"Identify key differentiators, understand market positioning, and develop strategies to outperform competitors.",Leverage free tools like SimilarWeb and social media analytics.,"Research, analysis, strategic thinking"
d1a471e3-1ee6-481e-b445-cac5a9c2e5ea,Financial Modeling,17,"Forecasts revenue, expenses, and cash flow. Crucial for decision-making, securing funding, and ensuring long-term sustainability.",Partially,"Spreadsheets can be used for basic modeling, but dedicated tools offer more advanced features.","Create spreadsheets to project income, expenses, and cash flow. Use financial ratios to assess profitability and liquidity.",Medium (High without tool),Financial analyst (optional),Focus on realistic projections based on market research and industry benchmarks. Regularly update your model as your business evolves.,"Start with simple spreadsheets, consider free financial modeling tools like Google Sheets templates.","Financial literacy, forecasting"
d1a471e3-1ee6-481e-b445-cac5a9c2e5ea,Identify Problem/Opportunity,18,"Clearly defines the problem the product/service solves, ensures focus and alignment.",No,"This is a conceptual exercise, no tools needed.","Brainstorming sessions, customer interviews, market research.",Low,None,Deeply understand customer pain points and validate the problem exists.,"Talk to potential customers, research online forums and social media.","Critical thinking, problem-solving"
d1a471e3-1ee6-481e-b445-cac5a9c2e5ea,Market Research,19,"Understands target audience, their needs, and the competitive landscape. Essential for product-market fit.",No,Various free and low-cost research methods available.,"Online surveys, competitor analysis, social media listening, industry reports.",Medium,Market research firm (if budget allows),"Focus on primary research (surveys, interviews) and secondary research (existing data).","Use free online tools, attend industry events.","Research, analysis"
d1a471e3-1ee6-481e-b445-cac5a9c2e5ea,Refine Idea & Value Proposition,20,"Sharpens product concept, clearly articulates unique benefits, guides marketing and messaging.",No,"This is a collaborative, iterative process.","Whiteboarding, brainstorming sessions, feedback from potential customers.",Medium,None,Continuously iterate and refine based on feedback. Validate assumptions with potential users.,Get feedback from mentors and advisors.,"Creativity, communication"
d1a471e3-1ee6-481e-b445-cac5a9c2e5ea,Define MVP Scope,21,"Prioritizes essential features for the MVP, accelerates development and testing.",No,"This is a decision-making process, no tools needed.",Use prioritization frameworks like MoSCoW or Kano model. Gather feedback from potential users.,Medium,None,Focus on features that deliver most value to customers. Avoid feature creep.,"Get feedback from potential users, prioritize ruthlessly.","Decision-making, prioritization"
d1a471e3-1ee6-481e-b445-cac5a9c2e5ea,Develop a Minimum Viable Product (MVP),22,"Tests core value proposition with minimal investment, validates assumptions before full development.",Depends on the Product,"Some products can be built with no-code tools, others require specific frameworks or languages.","Build a basic version with essential features. Prioritize functionality over aesthetics. If using no-code, utilize platforms like Bubble or Webflow.",Varies Greatly (Low-High),"Developers, designers (depending on complexity)","Focus on core features, get feedback from users.",Consider outsourcing development to freelancers or using low-code/no-code platforms to reduce costs.,"Product management, project management"
d1a471e3-1ee6-481e-b445-cac5a9c2e5ea,Set Up Development Environment,23,Creates necessary tools and infrastructure for product development.,Depends on the Product,"Some products require specialized environments, others can use cloud-based options.",Set up local or cloud-based development environment. Ensure security and access for all team members.,Varies greatly,Developers,Use cloud-based environments for flexibility. Ensure version control (Git) is used.,Utilize free or open-source tools whenever possible. Invest in essential development tools that will streamline your workflow.,Technical expertise (or delegation)
d1a471e3-1ee6-481e-b445-cac5a9c2e5ea,Design and Implement MVP,24,"This is the core of your product offering. It allows you to test your assumptions, gather feedback and iterate quickly.",Depends on the Product,"Some products can be built with no-code tools, others require specific frameworks or languages.","Coding, design, prototyping, depending on product type. If no-code, use platforms like Bubble or Webflow.",Varies Greatly (Low-High),"Developers, designers (depending on complexity)","Prioritize core features, ensure user-friendliness.","Utilize open-source libraries, frameworks, or no-code platforms where applicable.","Technical expertise, design skills (or delegation)"
d1a471e3-1ee6-481e-b445-cac5a9c2e5ea,Set Up Continuous Integration/Deployment (CI/CD),25,"Automates testing and deployment, ensuring code quality and faster releases.",Yes (but free options exist),Free options like GitHub Actions or GitLab CI/CD can be sufficient for small teams.,Manually test and deploy code changes.,Medium (High for non-technical founders),DevOps engineer (optional),Choose a CI/CD tool that fits your tech stack and budget.,Leverage free CI/CD platforms and open-source tools.,Technical expertise (or delegation to a DevOps specialist)
d1a471e3-1ee6-481e-b445-cac5a9c2e5ea,Conduct Thorough Testing,26,"Ensures product stability, functionality, and user-friendliness before launch. Identifies and fixes bugs.",No (but tools can help),"Thorough testing can be done manually, but tools can automate some aspects and provide more comprehensive coverage.","Manual testing by team and beta users, user feedback collection.",Medium,None,Test on various devices and browsers. Collect feedback from diverse users.,Consider offering incentives to beta testers.,"Quality assurance, user experience, attention to detail"
531a1c37-1885-45b3-a14f-28fe163d84c5,Create a Full-Featured Website,27,"Showcases product, builds brand identity, provides information to potential customers, enables online sales.",No,Website builders or CMS platforms offer sufficient functionality for most startups.,"Use website builders (Wix, Squarespace) or WordPress, consider hiring a designer if needed.",Low-Medium,"Web designer, copywriter","Focus on clear navigation, compelling content, and strong calls to action. Optimize for search engines.","Use templates, free stock photos, and optimize for SEO.","Web design, copywriting, SEO"
531a1c37-1885-45b3-a14f-28fe163d84c5,Set Up a Payment Processor,28,"Enables transactions, essential for generating revenue.",Yes,Payment processors handle secure transactions and often offer fraud protection.,"Cash or check payments (less convenient, not scalable).",Low,None,"Choose a processor with low fees and features relevant to your business (e.g., recurring billing).",Compare fees and features before choosing.,"Basic integration, account setup"
531a1c37-1885-45b3-a14f-28fe163d84c5,Refine Marketing & Sales Strategy,29,"Defines how you'll reach target audience and generate sales, ensures effective resource allocation.",No,"Strategy development is a conceptual process, tools aid in execution later.","Market research, competitive analysis, outlining customer acquisition channels.",Medium,Marketing consultant (optional),"Adapt strategy based on market feedback. Consider different channels: social media, content marketing, SEO, paid ads.","Prioritize low-cost, high-impact channels. Experiment and measure results.","Marketing, sales, analytics"
531a1c37-1885-45b3-a14f-28fe163d84c5,Secure Initial Funding (if needed),30,"Can accelerate growth, enable hiring, expand marketing efforts and invest in new product development.",No,"Funding acquisition relies on relationships and pitch, not dedicated tools.","Prepare a pitch deck, network with investors, explore crowdfunding options.",Varies greatly,N/A,Only seek funding if absolutely necessary. Explore all options carefully. Understand the terms and implications of each funding source.,"Network with potential investors, advisors, and mentors. Attend pitch events and conferences.","Fundraising, networking, financial modeling, negotiation"
531a1c37-1885-45b3-a14f-28fe163d84c5,Beta Testing,31,"Allows for real-world testing, helps identify and fix bugs, gathers valuable user feedback before official launch.",No,"While some tools can aid in managing beta testing programs, it can be done without dedicated software.","Recruit beta testers, create feedback channels (surveys, forums), analyze usage data.",Medium,,Set clear goals and expectations for beta testers. Track and analyze feedback systematically.,"Offer incentives to beta testers (early access, discounts).","Project management, communication, data analysis"
531a1c37-1885-45b3-a14f-28fe163d84c5,Public Relations (PR),32,"Generates buzz, increases brand awareness, builds credibility and attracts customers.",No,"PR can be done through manual outreach to journalists, social media engagement, and press releases.","Build relationships with journalists, create press releases, engage on social media, attend industry events.",Medium-High,PR agency (optional),"Develop a compelling story, target relevant media outlets, and track media coverage.","Leverage free PR tools and resources, build relationships with journalists.","Communication, storytelling, relationship building"
8e4706b2-bdd1-46af-acc0-1ab8025d5fbf,Officially Launch!,33,"Marks the beginning of public availability, generates buzz and starts customer acquisition.",N/A,"Launching is an event, not a tool-based task.","Execute marketing plan, announce on all channels, track metrics.",Varies greatly,N/A,Prepare for increased customer support and website traffic. Celebrate your launch!,,"Marketing, customer service"
8e4706b2-bdd1-46af-acc0-1ab8025d5fbf,Customer Acquisition,34,"Essential for revenue and growth, validates product-market fit.",Partially,"Tools can help track leads and automate some marketing processes, but initial customer acquisition can be done through manual outreach and relationship building.","Utilize marketing channels (social media, content marketing, SEO, paid ads), engage with potential customers on social media and online communities, attend industry events, offer promotions or discounts, collect customer feedback.","Varies greatly (depends on the product, market, and chosen channels)","Marketing specialist, sales team","Focus on early adopters, gather feedback and iterate product. Experiment with different acquisition channels to find what works best. Track key metrics to measure success.","Prioritize low-cost, high-impact channels like content marketing, social media, and partnerships. Offer referral programs to incentivize existing customers to bring in new ones.","Marketing, sales, communication, networking, customer service"
8e4706b2-bdd1-46af-acc0-1ab8025d5fbf,Product Iteration,35,"Improves product based on feedback, keeps it competitive, addresses user needs, enhances user experience.",Depends on the Product,"Some products require specific development tools, others can be iterated with basic tools or no-code platforms.","Gather user feedback through surveys, interviews, and support channels. Analyze usage data, identify areas for improvement and prioritize feature development.",Varies greatly (depends on complexity of changes and development tools used),"Developers, designers","Establish a feedback loop with customers, track metrics, and regularly assess product-market fit. Be open to pivoting if necessary.",Prioritize the most impactful changes based on user feedback and data. Focus on continuous improvement.,"Product management, customer service, data analysis, adaptability"
8e4706b2-bdd1-46af-acc0-1ab8025d5fbf,Scaling Operations,36,"As customer base and revenue grow, operations need to scale to meet demand. This includes expanding production, improving efficiency, and potentially hiring.",Partially,"Tools can help automate and streamline processes, but initial scaling can be done manually.","Hire additional staff, implement more efficient processes, upgrade technology infrastructure. Outsource non-core tasks.",Varies greatly,"Varies depending on the nature of scaling (operations manager, customer support reps, etc.)","Focus on sustainable growth, don't overextend resources. Track key metrics to identify bottlenecks.",Utilize free or low-cost tools initially. Outsource tasks when feasible.,"Financial management, project management, leadership"
8e4706b2-bdd1-46af-acc0-1ab8025d5fbf,Financial Management,37,"Ensures financial health, tracks profitability, guides financial decision-making, and prepares for potential fundraising rounds.",Yes (but free options exist),"Free options are limited, dedicated tools offer more advanced features like forecasting and budgeting.","Use spreadsheets for basic tracking, seek guidance from an accountant if needed.",Medium (Higher w/o tool),Accountant (part-time or consultant),"Track key metrics, analyze profitability, create forecasts, plan for taxes.",Consider outsourcing complex financial tasks.,"Financial literacy, forecasting"
8e4706b2-bdd1-46af-acc0-1ab8025d5fbf,Fundraising (if needed),38,"Can fuel rapid growth, enable hiring, expand marketing efforts, and invest in new product development.",No,"Fundraising relies on relationships and pitch, not dedicated tools.","Prepare a pitch deck, network with investors, research funding options (VC, angel investors, crowdfunding).",Varies greatly,N/A,Only seek funding if absolutely necessary. Explore all options carefully. Understand the terms and implications of each funding source.,"Network with potential investors, advisors, and mentors. Attend pitch events and conferences.","Fundraising, networking, financial modeling, negotiation"
8e4706b2-bdd1-46af-acc0-1ab8025d5fbf,Exit Strategy,39,"Defines the ultimate goal of the business, provides a roadmap for the future, can influence early decisions.",No,"Exit strategy is a planning process, not a tool-based task.","Research different exit options (acquisition, IPO, etc.), create a plan for achieving the desired outcome, consult with advisors.",Medium,"Business consultant, M&A advisor",Consider the long-term vision for the company and align early decisions with that vision. Be realistic about potential outcomes.,Network with potential acquirers or investors. Seek advice from experienced entrepreneurs.,"Strategic planning, financial modeling, negotiation"
8e4706b2-bdd1-46af-acc0-1ab8025d5fbf,Customer Success/Support,40,"Ensures customers have a positive experience, increases customer retention, builds brand loyalty.",Partially,"Help desk software can streamline support, but initial support can be handled manually.","Set up email support channels, FAQs, knowledge base. Monitor social media for customer inquiries.",Low-Medium,Customer support reps,"Respond promptly to customer inquiries, address issues effectively, gather feedback.",Utilize free customer support tools like email and social media.,"Customer service, communication"
8e4706b2-bdd1-46af-acc0-1ab8025d5fbf,Data Analytics,41,"Tracks key metrics, provides insights into user behavior, informs decision-making for product and marketing.",Yes (but free options exist),"Free options like Google Analytics can suffice initially, but dedicated tools offer more advanced analysis.","Implement basic website analytics, track key metrics (traffic, conversion, retention).",Low-Medium,Data analyst (optional),Set up goals and track progress. Use data to inform product and marketing decisions.,Leverage free analytics tools initially.,"Data analysis, basic statistics"
8e4706b2-bdd1-46af-acc0-1ab8025d5fbf,Team Building,42,"As your startup grows, you'll need to build a strong team to handle various aspects of the business.",No,"Team building is a process, not a tool-based task.","Define roles and responsibilities, hire the right people, foster a positive culture.",Varies greatly,"HR consultant, recruiters",Hire people who share your vision and values. Focus on building a diverse and inclusive team.,Look for candidates who are passionate about your mission and willing to wear multiple hats.,"Leadership, communication, recruiting"
8e4706b2-bdd1-46af-acc0-1ab8025d5fbf,Investor Relations (if applicable),43,"Maintains relationships with investors, provides transparency and demonstrates progress towards goals.",Partially,"Investor relations software can streamline communication, but personal outreach is crucial.","Regular updates (email, meetings), transparent reporting, showcasing milestones.",Medium,Investor relations specialist (optional),"Build trust with investors, be proactive in communication, address concerns promptly.",Be transparent and honest about challenges and successes.,"Communication, relationship management, financial reporting"
8e4706b2-bdd1-46af-acc0-1ab8025d5fbf,Legal Compliance,44,"Ensures business operations adhere to laws and regulations, avoids legal penalties.",No,"Legal services can aid, but compliance can be maintained with thorough research and record-keeping.","Stay updated on relevant laws and regulations, maintain proper documentation, file necessary reports.",Medium-High,Legal advisor,"Regularly review compliance requirements, keep detailed records.","Utilize free legal resources and templates, consult with a legal advisor as needed.","Legal knowledge, attention to detail"
8e4706b2-bdd1-46af-acc0-1ab8025d5fbf,Product Roadmap,45,"Provides a strategic plan outlining future product features and development phases, aligns team efforts.",No,"Roadmapping tools help, but can be done with basic planning tools.","Outline key milestones and features, prioritize based on customer feedback and business goals.",Medium,Product manager,"Keep the roadmap flexible to adapt to changes, align with overall business strategy.",Use free planning tools like Trello or Google Sheets.,"Strategic planning, adaptability"
8e4706b2-bdd1-46af-acc0-1ab8025d5fbf,Security Measures,46,"Protects business data and customer information, ensures trust and compliance with regulations.",Yes (free options exist),"Basic security measures can be implemented with free tools, advanced measures may require dedicated solutions.","Implement strong passwords, data encryption, regular backups, and access controls.",Medium,IT security specialist,"Regularly update security protocols, educate team on best practices.","Leverage free security tools initially, upgrade as needed.","Cybersecurity knowledge, vigilance"
8e4706b2-bdd1-46af-acc0-1ab8025d5fbf,Performance Metrics,47,"Tracks business performance, helps in making data-driven decisions, measures success against goals.",Yes (free options exist),"Basic metrics tracking can be done with free tools, advanced analysis may require dedicated software.","Define key performance indicators (KPIs), set up tracking tools, analyze data regularly.",Medium,Data analyst (optional),"Focus on the most impactful metrics, adjust strategies based on insights.","Use free tools for initial tracking, upgrade as necessary.","Data analysis, strategic thinking"
8e4706b2-bdd1-46af-acc0-1ab8025d5fbf,Intellectual Property Protection,48,"Protects your unique inventions, designs, or branding elements, provides a competitive advantage.",No (but recommended),"While DIY options exist, legal counsel is crucial for proper filing and protection.","Research patent, trademark, and copyright options. Consult an attorney for guidance.",Varies (High without attorney),Intellectual property attorney,Prioritize protecting core intellectual property. Consider provisional patents for early-stage protection.,Explore free or low-cost resources for initial research.,"Legal understanding, research"